{
	"credit": "Made with Blockbench",
	"texture_size": [128, 128],
	"textures": {
		"0": "texture blockbench/arme_1",
		"1": "texture blockbench/Magazine",
		"particle": "texture blockbench/arme_1"
	},
	"elements": [
		{
			"from": [7.2, -1.4, 5.8],
			"to": [8.8, 2.1, 8.7],
			"rotation": {"angle": 22.5, "axis": "x", "origin": [8, 1.2, 7.04]},
			"faces": {
				"north": {"uv": [9.125, 0, 16, 6.375], "texture": "#1"},
				"east": {"uv": [9.125, 0, 16, 6.375], "texture": "#1"},
				"south": {"uv": [9.125, 0, 16, 6.375], "texture": "#1"},
				"west": {"uv": [9.125, 0, 16, 6.375], "texture": "#1"},
				"up": {"uv": [9.125, 0, 16, 6.375], "texture": "#1"},
				"down": {"uv": [9.125, 0, 16, 6.375], "texture": "#1"}
			}
		},
		{
			"from": [7.1, 1.3, 5.7],
			"to": [8.9, 3.1, 8.9],
			"rotation": {"angle": 0, "axis": "y", "origin": [16, 10.9, 15]},
			"faces": {
				"north": {"uv": [9.125, 0, 16, 6.375], "texture": "#1"},
				"east": {"uv": [9.125, 0, 16, 6.375], "texture": "#1"},
				"south": {"uv": [9.125, 0, 16, 6.375], "texture": "#1"},
				"west": {"uv": [9.125, 0, 16, 6.375], "texture": "#1"},
				"up": {"uv": [9.125, 0, 16, 6.375], "texture": "#1"},
				"down": {"uv": [9.125, 0, 16, 6.375], "texture": "#1"}
			}
		},
		{
			"from": [7.2, 5.8, 5.7],
			"to": [8.8, 5.9, 8.8],
			"rotation": {"angle": 0, "axis": "y", "origin": [15, 13.8, 15.7]},
			"faces": {
				"north": {"uv": [0, 0, 3.625, 2.5], "texture": "#0"},
				"east": {"uv": [0, 0, 3.625, 2.5], "texture": "#0"},
				"south": {"uv": [0, 0, 3.625, 2.5], "texture": "#0"},
				"west": {"uv": [0, 0, 3.625, 2.5], "texture": "#0"},
				"up": {"uv": [0, 0, 3.625, 2.5], "texture": "#0"},
				"down": {"uv": [0, 0, 3.625, 2.5], "texture": "#0"}
			}
		},
		{
			"from": [7, 2.9, 5.5],
			"to": [9, 5.9, 5.7],
			"rotation": {"angle": 0, "axis": "y", "origin": [15, 11, 12.7]},
			"faces": {
				"north": {"uv": [0, 0, 3.625, 2.5], "texture": "#0"},
				"east": {"uv": [0, 0, 3.625, 2.5], "texture": "#0"},
				"south": {"uv": [0, 0, 3.625, 2.5], "texture": "#0"},
				"west": {"uv": [0, 0, 3.625, 2.5], "texture": "#0"},
				"up": {"uv": [0, 0, 3.625, 2.5], "texture": "#0"},
				"down": {"uv": [0, 0, 3.625, 2.5], "texture": "#0"}
			}
		},
		{
			"from": [8.8, 2.9, 5.7],
			"to": [9, 5.9, 8.8],
			"rotation": {"angle": 0, "axis": "y", "origin": [15, 11, 15.8]},
			"faces": {
				"north": {"uv": [0, 0, 3.625, 2.5], "texture": "#0"},
				"east": {"uv": [0, 0, 3.625, 2.5], "texture": "#0"},
				"south": {"uv": [0, 0, 3.625, 2.5], "texture": "#0"},
				"west": {"uv": [0, 0, 3.625, 2.5], "texture": "#0"},
				"up": {"uv": [0, 0, 3.625, 2.5], "texture": "#0"},
				"down": {"uv": [0, 0, 3.625, 2.5], "texture": "#0"}
			}
		},
		{
			"from": [7, 2.9, 5.7],
			"to": [7.2, 5.9, 8.8],
			"rotation": {"angle": 0, "axis": "y", "origin": [13.2, 11, 15.8]},
			"faces": {
				"north": {"uv": [0, 0, 3.625, 2.5], "texture": "#0"},
				"east": {"uv": [0, 0, 3.625, 2.5], "texture": "#0"},
				"south": {"uv": [0, 0, 3.625, 2.5], "texture": "#0"},
				"west": {"uv": [0, 0, 3.625, 2.5], "texture": "#0"},
				"up": {"uv": [0, 0, 3.625, 2.5], "texture": "#0"},
				"down": {"uv": [0, 0, 3.625, 2.5], "texture": "#0"}
			}
		},
		{
			"from": [7, 2.9, 8.8],
			"to": [9, 5.9, 9],
			"rotation": {"angle": 0, "axis": "y", "origin": [15, 11, 16]},
			"faces": {
				"north": {"uv": [0, 0, 3.625, 2.5], "texture": "#0"},
				"east": {"uv": [0, 0, 3.625, 2.5], "texture": "#0"},
				"south": {"uv": [0, 0, 3.625, 2.5], "texture": "#0"},
				"west": {"uv": [0, 0, 3.625, 2.5], "texture": "#0"},
				"up": {"uv": [0, 0, 3.625, 2.5], "texture": "#0"},
				"down": {"uv": [0, 0, 3.625, 2.5], "texture": "#0"}
			}
		},
		{
			"from": [7.65, 3.5, 11.5],
			"to": [8.15, 5, 12],
			"rotation": {"angle": 22.5, "axis": "x", "origin": [7.9, 4.5, 11.5]},
			"faces": {
				"north": {"uv": [0, 0, 3.625, 2.5], "rotation": 270, "texture": "#0"},
				"east": {"uv": [0, 0, 3.625, 2.5], "rotation": 270, "texture": "#0"},
				"south": {"uv": [0, 0, 3.625, 2.5], "rotation": 270, "texture": "#0"},
				"west": {"uv": [0, 0, 3.625, 2.5], "rotation": 270, "texture": "#0"},
				"up": {"uv": [0, 0, 3.625, 2.5], "rotation": 270, "texture": "#0"},
				"down": {"uv": [0, 0, 3.625, 2.5], "rotation": 270, "texture": "#0"}
			}
		},
		{
			"from": [7.65, 3.1, 10.7],
			"to": [8.15, 3.6, 11.4],
			"rotation": {"angle": -22.5, "axis": "x", "origin": [7.9, 3.6, 10.9]},
			"faces": {
				"north": {"uv": [0, 0, 3.625, 2.5], "texture": "#0"},
				"east": {"uv": [0, 0, 3.625, 2.5], "texture": "#0"},
				"south": {"uv": [0, 0, 3.625, 2.5], "texture": "#0"},
				"west": {"uv": [0, 0, 3.625, 2.5], "texture": "#0"},
				"up": {"uv": [0, 0, 3.625, 2.5], "texture": "#0"},
				"down": {"uv": [0, 0, 3.625, 2.5], "texture": "#0"}
			}
		},
		{
			"from": [7.1, 4.3, 9],
			"to": [8.9, 5.9, 13.1],
			"rotation": {"angle": 0, "axis": "y", "origin": [15, 12.9, 17]},
			"faces": {
				"north": {"uv": [0, 0, 3.625, 2.5], "texture": "#0"},
				"east": {"uv": [0, 0, 3.625, 2.5], "texture": "#0"},
				"south": {"uv": [0, 0, 3.625, 2.5], "texture": "#0"},
				"west": {"uv": [0, 0, 3.625, 2.5], "texture": "#0"},
				"up": {"uv": [0, 0, 3.625, 2.5], "texture": "#0"},
				"down": {"uv": [0, 0, 3.625, 2.5], "texture": "#0"}
			}
		},
		{
			"from": [7, 2.9, 9],
			"to": [9, 4.9, 10],
			"rotation": {"angle": 0, "axis": "y", "origin": [16, 10.9, 17]},
			"faces": {
				"north": {"uv": [0, 0, 3.625, 2.5], "texture": "#0"},
				"east": {"uv": [0, 0, 3.625, 2.5], "texture": "#0"},
				"south": {"uv": [0, 0, 3.625, 2.5], "texture": "#0"},
				"west": {"uv": [0, 0, 3.625, 2.5], "texture": "#0"},
				"up": {"uv": [0, 0, 3.625, 2.5], "texture": "#0"},
				"down": {"uv": [0, 0, 3.625, 2.5], "texture": "#0"}
			}
		},
		{
			"from": [7.1, 2.9, 10],
			"to": [8.9, 3, 13],
			"rotation": {"angle": 0, "axis": "y", "origin": [15, 10, 20]},
			"faces": {
				"north": {"uv": [0, 0, 3.625, 2.5], "texture": "#0"},
				"east": {"uv": [0, 0, 3.625, 2.5], "texture": "#0"},
				"south": {"uv": [0, 0, 3.625, 2.5], "texture": "#0"},
				"west": {"uv": [0, 0, 3.625, 2.5], "texture": "#0"},
				"up": {"uv": [0, 0, 3.625, 2.5], "texture": "#0"},
				"down": {"uv": [0, 0, 3.625, 2.5], "texture": "#0"}
			}
		},
		{
			"from": [7, 0, 13],
			"to": [9, 5, 14.75],
			"rotation": {"angle": -22.5, "axis": "x", "origin": [8, 1, 13.875]},
			"faces": {
				"north": {"uv": [0, 0, 3.625, 2.5], "texture": "#0"},
				"east": {"uv": [0, 0, 3.625, 2.5], "texture": "#0"},
				"south": {"uv": [0, 0, 3.625, 2.5], "texture": "#0"},
				"west": {"uv": [0, 0, 3.625, 2.5], "texture": "#0"},
				"up": {"uv": [0, 0, 3.625, 2.5], "texture": "#0"},
				"down": {"uv": [0, 0, 3.625, 2.5], "texture": "#0"}
			}
		},
		{
			"from": [7.2, 6, 13],
			"to": [8.8, 7.2, 14],
			"rotation": {"angle": 0, "axis": "y", "origin": [15, 14.2, 21]},
			"faces": {
				"north": {"uv": [0, 0, 3.625, 2.5], "texture": "#0"},
				"east": {"uv": [0, 0, 3.625, 2.5], "texture": "#0"},
				"south": {"uv": [0, 0, 3.625, 2.5], "texture": "#0"},
				"west": {"uv": [0, 0, 3.625, 2.5], "texture": "#0"},
				"up": {"uv": [0, 0, 3.625, 2.5], "texture": "#0"},
				"down": {"uv": [0, 0, 3.625, 2.5], "texture": "#0"}
			}
		},
		{
			"from": [7, 5.9, 5],
			"to": [9, 7.25, 13.25],
			"rotation": {"angle": 0, "axis": "y", "origin": [15, 14, 15]},
			"faces": {
				"north": {"uv": [0, 0, 3.625, 2.5], "texture": "#0"},
				"east": {"uv": [0, 0, 3.625, 2.5], "texture": "#0"},
				"south": {"uv": [0, 0, 3.625, 2.5], "texture": "#0"},
				"west": {"uv": [0, 0, 3.625, 2.5], "texture": "#0"},
				"up": {"uv": [0, 0, 3.625, 2.5], "texture": "#0"},
				"down": {"uv": [0, 0, 3.625, 2.5], "texture": "#0"}
			}
		},
		{
			"from": [7, 6, 14],
			"to": [9, 7.25, 21.6],
			"rotation": {"angle": 0, "axis": "y", "origin": [16, 14, 22]},
			"faces": {
				"north": {"uv": [0, 0, 3.625, 2.5], "texture": "#0"},
				"east": {"uv": [0, 0, 3.625, 2.5], "texture": "#0"},
				"south": {"uv": [0, 0, 3.625, 2.5], "texture": "#0"},
				"west": {"uv": [0, 0, 3.625, 2.5], "texture": "#0"},
				"up": {"uv": [0, 0, 3.625, 2.5], "texture": "#0"},
				"down": {"uv": [0, 0, 3.625, 2.5], "texture": "#0"}
			}
		},
		{
			"from": [7, 2.6, 20],
			"to": [9, 6.05, 21.6],
			"rotation": {"angle": 0, "axis": "y", "origin": [16, 12.8, 22]},
			"faces": {
				"north": {"uv": [0, 0, 3.625, 2.5], "texture": "#0"},
				"east": {"uv": [0, 0, 3.625, 2.5], "texture": "#0"},
				"south": {"uv": [0, 0, 3.625, 2.5], "texture": "#0"},
				"west": {"uv": [0, 0, 3.625, 2.5], "texture": "#0"},
				"up": {"uv": [0, 0, 3.625, 2.5], "texture": "#0"},
				"down": {"uv": [0, 0, 3.625, 2.5], "texture": "#0"}
			}
		},
		{
			"from": [7, 3.225, 16.125],
			"to": [9, 4.725, 20.925],
			"rotation": {"angle": 45, "axis": "x", "origin": [8, 4.025, 19.7]},
			"faces": {
				"north": {"uv": [0, 0, 3.625, 2.5], "rotation": 90, "texture": "#0"},
				"east": {"uv": [0, 0, 3.625, 2.5], "rotation": 90, "texture": "#0"},
				"south": {"uv": [0, 0, 3.625, 2.5], "rotation": 90, "texture": "#0"},
				"west": {"uv": [0, 0, 3.625, 2.5], "rotation": 90, "texture": "#0"},
				"up": {"uv": [0, 0, 3.625, 2.5], "rotation": 90, "texture": "#0"},
				"down": {"uv": [0, 0, 3.625, 2.5], "rotation": 90, "texture": "#0"}
			}
		},
		{
			"from": [7, 4.525, 19.225],
			"to": [9, 5.825, 21.925],
			"rotation": {"angle": 45, "axis": "x", "origin": [8, 6.025, 20.7]},
			"faces": {
				"north": {"uv": [0, 0, 3.625, 2.5], "rotation": 90, "texture": "#0"},
				"east": {"uv": [0, 0, 3.625, 2.5], "rotation": 90, "texture": "#0"},
				"south": {"uv": [0, 0, 3.625, 2.5], "rotation": 90, "texture": "#0"},
				"west": {"uv": [0, 0, 3.625, 2.5], "rotation": 90, "texture": "#0"},
				"up": {"uv": [0, 0, 3.625, 2.5], "rotation": 90, "texture": "#0"},
				"down": {"uv": [0, 0, 3.625, 2.5], "rotation": 90, "texture": "#0"}
			}
		},
		{
			"from": [7.3, 6, 0],
			"to": [8.7, 7.2, 1],
			"rotation": {"angle": 0, "axis": "y", "origin": [15.5, 14.1, 8]},
			"faces": {
				"north": {"uv": [0, 0, 3.625, 2.5], "texture": "#0"},
				"east": {"uv": [0, 0, 3.625, 2.5], "texture": "#0"},
				"south": {"uv": [0, 0, 3.625, 2.5], "texture": "#0"},
				"west": {"uv": [0, 0, 3.625, 2.5], "texture": "#0"},
				"up": {"uv": [0, 0, 3.625, 2.5], "texture": "#0"},
				"down": {"uv": [0, 0, 3.625, 2.5], "texture": "#0"}
			}
		},
		{
			"from": [7.5, 7.2, -0.1],
			"to": [7.7, 8.5, 0],
			"rotation": {"angle": 0, "axis": "y", "origin": [15.5, 15.2, 7]},
			"faces": {
				"north": {"uv": [0, 0, 3.625, 2.5], "texture": "#0"},
				"east": {"uv": [0, 0, 3.625, 2.5], "texture": "#0"},
				"south": {"uv": [0, 0, 3.625, 2.5], "texture": "#0"},
				"west": {"uv": [0, 0, 3.625, 2.5], "texture": "#0"},
				"up": {"uv": [0, 0, 3.625, 2.5], "texture": "#0"},
				"down": {"uv": [0, 0, 3.625, 2.5], "texture": "#0"}
			}
		},
		{
			"from": [7.5, 6.8, -0.6],
			"to": [7.7, 8.6, -0.5],
			"rotation": {"angle": 45, "axis": "x", "origin": [7.6, 7.95, -0.55]},
			"faces": {
				"north": {"uv": [0, 0, 3.625, 2.5], "texture": "#0"},
				"east": {"uv": [0, 0, 3.625, 2.5], "texture": "#0"},
				"south": {"uv": [0, 0, 3.625, 2.5], "texture": "#0"},
				"west": {"uv": [0, 0, 3.625, 2.5], "texture": "#0"},
				"up": {"uv": [0, 0, 3.625, 2.5], "texture": "#0"},
				"down": {"uv": [0, 0, 3.625, 2.5], "texture": "#0"}
			}
		},
		{
			"from": [8.3, 6.8, -0.6],
			"to": [8.5, 8.6, -0.5],
			"rotation": {"angle": 45, "axis": "x", "origin": [8.4, 7.95, -0.55]},
			"faces": {
				"north": {"uv": [0, 0, 3.625, 2.5], "texture": "#0"},
				"east": {"uv": [0, 0, 3.625, 2.5], "texture": "#0"},
				"south": {"uv": [0, 0, 3.625, 2.5], "texture": "#0"},
				"west": {"uv": [0, 0, 3.625, 2.5], "texture": "#0"},
				"up": {"uv": [0, 0, 3.625, 2.5], "texture": "#0"},
				"down": {"uv": [0, 0, 3.625, 2.5], "texture": "#0"}
			}
		},
		{
			"from": [8.3, 7.2, -0.1],
			"to": [8.5, 8.5, 0],
			"rotation": {"angle": 0, "axis": "y", "origin": [16.3, 15.2, 7]},
			"faces": {
				"north": {"uv": [0, 0, 3.625, 2.5], "texture": "#0"},
				"east": {"uv": [0, 0, 3.625, 2.5], "texture": "#0"},
				"south": {"uv": [0, 0, 3.625, 2.5], "texture": "#0"},
				"west": {"uv": [0, 0, 3.625, 2.5], "texture": "#0"},
				"up": {"uv": [0, 0, 3.625, 2.5], "texture": "#0"},
				"down": {"uv": [0, 0, 3.625, 2.5], "texture": "#0"}
			}
		},
		{
			"from": [7.7, 8.3, -0.1],
			"to": [8.3, 8.5, 0],
			"rotation": {"angle": 0, "axis": "y", "origin": [16.1, 15.2, 7]},
			"faces": {
				"north": {"uv": [0, 0, 3.625, 2.5], "texture": "#0"},
				"east": {"uv": [0, 0, 3.625, 2.5], "texture": "#0"},
				"south": {"uv": [0, 0, 3.625, 2.5], "texture": "#0"},
				"west": {"uv": [0, 0, 3.625, 2.5], "texture": "#0"},
				"up": {"uv": [0, 0, 3.625, 2.5], "texture": "#0"},
				"down": {"uv": [0, 0, 3.625, 2.5], "texture": "#0"}
			}
		},
		{
			"from": [7.5, 7.1, -1.6],
			"to": [8.5, 7.2, 0],
			"rotation": {"angle": 0, "axis": "y", "origin": [15.5, 15.1, 7]},
			"faces": {
				"north": {"uv": [0, 0, 3.625, 2.5], "texture": "#0"},
				"east": {"uv": [0, 0, 3.625, 2.5], "texture": "#0"},
				"south": {"uv": [0, 0, 3.625, 2.5], "texture": "#0"},
				"west": {"uv": [0, 0, 3.625, 2.5], "texture": "#0"},
				"up": {"uv": [0, 0, 3.625, 2.5], "texture": "#0"},
				"down": {"uv": [0, 0, 3.625, 2.5], "texture": "#0"}
			}
		},
		{
			"name": "hexadecagon",
			"from": [7.80109, 5.6, 0.5],
			"to": [8.19891, 7.6, 5],
			"rotation": {"angle": -45, "axis": "z", "origin": [8, 6.6, 4.5]},
			"faces": {
				"north": {"uv": [0, 0, 3.625, 2.5], "texture": "#0"},
				"east": {"uv": [0, 0, 3.625, 2.5], "texture": "#0"},
				"south": {"uv": [0, 0, 3.625, 2.5], "texture": "#0"},
				"west": {"uv": [0, 0, 3.625, 2.5], "texture": "#0"},
				"up": {"uv": [0, 0, 3.625, 2.5], "texture": "#0"},
				"down": {"uv": [0, 0, 3.625, 2.5], "texture": "#0"}
			}
		},
		{
			"name": "hexadecagon",
			"from": [7.80109, 5.6, 0.5],
			"to": [8.19891, 7.6, 5],
			"rotation": {"angle": -22.5, "axis": "z", "origin": [8, 6.6, 4.5]},
			"faces": {
				"north": {"uv": [0, 0, 3.625, 2.5], "texture": "#0"},
				"east": {"uv": [0, 0, 3.625, 2.5], "texture": "#0"},
				"south": {"uv": [0, 0, 3.625, 2.5], "texture": "#0"},
				"west": {"uv": [0, 0, 3.625, 2.5], "texture": "#0"},
				"up": {"uv": [0, 0, 3.625, 2.5], "texture": "#0"},
				"down": {"uv": [0, 0, 3.625, 2.5], "texture": "#0"}
			}
		},
		{
			"name": "hexadecagon",
			"from": [7.80109, 5.6, 0.5],
			"to": [8.19891, 7.6, 5],
			"rotation": {"angle": 0, "axis": "z", "origin": [8, 6.6, 4.5]},
			"faces": {
				"north": {"uv": [0, 0, 3.625, 2.5], "texture": "#0"},
				"east": {"uv": [0, 0, 3.625, 2.5], "texture": "#0"},
				"south": {"uv": [0, 0, 3.625, 2.5], "texture": "#0"},
				"west": {"uv": [0, 0, 3.625, 2.5], "texture": "#0"},
				"up": {"uv": [0, 0, 3.625, 2.5], "texture": "#0"},
				"down": {"uv": [0, 0, 3.625, 2.5], "texture": "#0"}
			}
		},
		{
			"name": "hexadecagon",
			"from": [7.80109, 5.6, 0.5],
			"to": [8.19891, 7.6, 5],
			"rotation": {"angle": 22.5, "axis": "z", "origin": [8, 6.6, 4.5]},
			"faces": {
				"north": {"uv": [0, 0, 3.625, 2.5], "texture": "#0"},
				"east": {"uv": [0, 0, 3.625, 2.5], "texture": "#0"},
				"south": {"uv": [0, 0, 3.625, 2.5], "texture": "#0"},
				"west": {"uv": [0, 0, 3.625, 2.5], "texture": "#0"},
				"up": {"uv": [0, 0, 3.625, 2.5], "texture": "#0"},
				"down": {"uv": [0, 0, 3.625, 2.5], "texture": "#0"}
			}
		},
		{
			"name": "hexadecagon",
			"from": [7.80109, 5.6, 0.5],
			"to": [8.19891, 7.6, 5],
			"rotation": {"angle": 45, "axis": "z", "origin": [8, 6.6, 4.5]},
			"faces": {
				"north": {"uv": [0, 0, 3.625, 2.5], "texture": "#0"},
				"east": {"uv": [0, 0, 3.625, 2.5], "texture": "#0"},
				"south": {"uv": [0, 0, 3.625, 2.5], "texture": "#0"},
				"west": {"uv": [0, 0, 3.625, 2.5], "texture": "#0"},
				"up": {"uv": [0, 0, 3.625, 2.5], "texture": "#0"},
				"down": {"uv": [0, 0, 3.625, 2.5], "texture": "#0"}
			}
		},
		{
			"name": "hexadecagon",
			"from": [7, 6.40109, 0.5],
			"to": [9, 6.79891, 5],
			"rotation": {"angle": -22.5, "axis": "z", "origin": [8, 6.6, 4.5]},
			"faces": {
				"north": {"uv": [0, 0, 3.625, 2.5], "texture": "#0"},
				"east": {"uv": [0, 0, 3.625, 2.5], "texture": "#0"},
				"south": {"uv": [0, 0, 3.625, 2.5], "texture": "#0"},
				"west": {"uv": [0, 0, 3.625, 2.5], "texture": "#0"},
				"up": {"uv": [0, 0, 3.625, 2.5], "texture": "#0"},
				"down": {"uv": [0, 0, 3.625, 2.5], "texture": "#0"}
			}
		},
		{
			"name": "hexadecagon",
			"from": [7, 6.40109, 0.5],
			"to": [9, 6.79891, 5],
			"rotation": {"angle": 0, "axis": "z", "origin": [8, 6.6, 4.5]},
			"faces": {
				"north": {"uv": [0, 0, 3.625, 2.5], "texture": "#0"},
				"east": {"uv": [0, 0, 3.625, 2.5], "texture": "#0"},
				"south": {"uv": [0, 0, 3.625, 2.5], "texture": "#0"},
				"west": {"uv": [0, 0, 3.625, 2.5], "texture": "#0"},
				"up": {"uv": [0, 0, 3.625, 2.5], "texture": "#0"},
				"down": {"uv": [0, 0, 3.625, 2.5], "texture": "#0"}
			}
		},
		{
			"name": "hexadecagon",
			"from": [7, 6.40109, 0.5],
			"to": [9, 6.79891, 5],
			"rotation": {"angle": 22.5, "axis": "z", "origin": [8, 6.6, 4.5]},
			"faces": {
				"north": {"uv": [0, 0, 3.625, 2.5], "texture": "#0"},
				"east": {"uv": [0, 0, 3.625, 2.5], "texture": "#0"},
				"south": {"uv": [0, 0, 3.625, 2.5], "texture": "#0"},
				"west": {"uv": [0, 0, 3.625, 2.5], "texture": "#0"},
				"up": {"uv": [0, 0, 3.625, 2.5], "texture": "#0"},
				"down": {"uv": [0, 0, 3.625, 2.5], "texture": "#0"}
			}
		},
		{
			"name": "hexadecagon",
			"from": [7.90054, 6.1, -3.8],
			"to": [8.09946, 7.1, 0],
			"rotation": {"angle": -45, "axis": "z", "origin": [8, 6.6, -0.5]},
			"faces": {
				"north": {"uv": [3, 6, 4.375, 7.25], "texture": "#0"},
				"east": {"uv": [7.125, 5.875, 8.5, 7.125], "texture": "#0"},
				"south": {"uv": [7.125, 5.875, 8.5, 7.125], "texture": "#0"},
				"west": {"uv": [7.125, 5.875, 8.5, 7.125], "texture": "#0"},
				"up": {"uv": [7.125, 5.875, 8.5, 7.125], "texture": "#0"},
				"down": {"uv": [7.125, 5.875, 8.5, 7.125], "texture": "#0"}
			}
		},
		{
			"name": "hexadecagon",
			"from": [7.90054, 6.1, -3.8],
			"to": [8.09946, 7.1, 0],
			"rotation": {"angle": -22.5, "axis": "z", "origin": [8, 6.6, -0.5]},
			"faces": {
				"north": {"uv": [3, 6, 4.375, 7.25], "texture": "#0"},
				"east": {"uv": [7.125, 5.875, 8.5, 7.125], "texture": "#0"},
				"south": {"uv": [7.125, 5.875, 8.5, 7.125], "texture": "#0"},
				"west": {"uv": [7.125, 5.875, 8.5, 7.125], "texture": "#0"},
				"up": {"uv": [7.125, 5.875, 8.5, 7.125], "texture": "#0"},
				"down": {"uv": [7.125, 5.875, 8.5, 7.125], "texture": "#0"}
			}
		},
		{
			"name": "hexadecagon",
			"from": [7.90054, 6.1, -3.8],
			"to": [8.09946, 7.1, 0],
			"rotation": {"angle": 0, "axis": "z", "origin": [8, 6.6, -0.5]},
			"faces": {
				"north": {"uv": [3, 6, 4.375, 7.25], "texture": "#0"},
				"east": {"uv": [7.125, 5.875, 8.5, 7.125], "texture": "#0"},
				"south": {"uv": [7.125, 5.875, 8.5, 7.125], "texture": "#0"},
				"west": {"uv": [7.125, 5.875, 8.5, 7.125], "texture": "#0"},
				"up": {"uv": [7.125, 5.875, 8.5, 7.125], "texture": "#0"},
				"down": {"uv": [7.125, 5.875, 8.5, 7.125], "texture": "#0"}
			}
		},
		{
			"name": "hexadecagon",
			"from": [7.90054, 6.1, -3.8],
			"to": [8.09946, 7.1, 0],
			"rotation": {"angle": 22.5, "axis": "z", "origin": [8, 6.6, -0.5]},
			"faces": {
				"north": {"uv": [3, 6, 4.375, 7.25], "texture": "#0"},
				"east": {"uv": [7.125, 5.875, 8.5, 7.125], "texture": "#0"},
				"south": {"uv": [7.125, 5.875, 8.5, 7.125], "texture": "#0"},
				"west": {"uv": [7.125, 5.875, 8.5, 7.125], "texture": "#0"},
				"up": {"uv": [7.125, 5.875, 8.5, 7.125], "texture": "#0"},
				"down": {"uv": [7.125, 5.875, 8.5, 7.125], "texture": "#0"}
			}
		},
		{
			"name": "hexadecagon",
			"from": [7.90054, 6.1, -3.8],
			"to": [8.09946, 7.1, 0],
			"rotation": {"angle": 45, "axis": "z", "origin": [8, 6.6, -0.5]},
			"faces": {
				"north": {"uv": [3, 6, 4.375, 7.25], "texture": "#0"},
				"east": {"uv": [7.125, 5.875, 8.5, 7.125], "texture": "#0"},
				"south": {"uv": [7.125, 5.875, 8.5, 7.125], "texture": "#0"},
				"west": {"uv": [7.125, 5.875, 8.5, 7.125], "texture": "#0"},
				"up": {"uv": [7.125, 5.875, 8.5, 7.125], "texture": "#0"},
				"down": {"uv": [7.125, 5.875, 8.5, 7.125], "texture": "#0"}
			}
		},
		{
			"name": "hexadecagon",
			"from": [7.5, 6.50054, -3.8],
			"to": [8.5, 6.69946, 0],
			"rotation": {"angle": -22.5, "axis": "z", "origin": [8, 6.6, -0.5]},
			"faces": {
				"north": {"uv": [3, 6, 4.375, 7.25], "texture": "#0"},
				"east": {"uv": [7.125, 5.875, 8.5, 7.125], "texture": "#0"},
				"south": {"uv": [7.125, 5.875, 8.5, 7.125], "texture": "#0"},
				"west": {"uv": [7.125, 5.875, 8.5, 7.125], "texture": "#0"},
				"up": {"uv": [7.125, 5.875, 8.5, 7.125], "texture": "#0"},
				"down": {"uv": [7.125, 5.875, 8.5, 7.125], "texture": "#0"}
			}
		},
		{
			"name": "hexadecagon",
			"from": [7.5, 6.50054, -3.8],
			"to": [8.5, 6.69946, 0],
			"rotation": {"angle": 0, "axis": "z", "origin": [8, 6.6, -0.5]},
			"faces": {
				"north": {"uv": [3, 6, 4.375, 7.25], "texture": "#0"},
				"east": {"uv": [7.125, 5.875, 8.5, 7.125], "texture": "#0"},
				"south": {"uv": [7.125, 5.875, 8.5, 7.125], "texture": "#0"},
				"west": {"uv": [7.125, 5.875, 8.5, 7.125], "texture": "#0"},
				"up": {"uv": [7.125, 5.875, 8.5, 7.125], "texture": "#0"},
				"down": {"uv": [7.125, 5.875, 8.5, 7.125], "texture": "#0"}
			}
		},
		{
			"name": "hexadecagon",
			"from": [7.5, 6.50054, -3.8],
			"to": [8.5, 6.69946, 0],
			"rotation": {"angle": 22.5, "axis": "z", "origin": [8, 6.6, -0.5]},
			"faces": {
				"north": {"uv": [3, 6, 4.375, 7.25], "texture": "#0"},
				"east": {"uv": [7.125, 5.875, 8.5, 7.125], "texture": "#0"},
				"south": {"uv": [7.125, 5.875, 8.5, 7.125], "texture": "#0"},
				"west": {"uv": [7.125, 5.875, 8.5, 7.125], "texture": "#0"},
				"up": {"uv": [7.125, 5.875, 8.5, 7.125], "texture": "#0"},
				"down": {"uv": [7.125, 5.875, 8.5, 7.125], "texture": "#0"}
			}
		}
	],
	"display": {
		"thirdperson_righthand": {
			"rotation": [72.25, 0, 0],
			"translation": [0, 6.5, 5.25]
		},
		"thirdperson_lefthand": {
			"rotation": [61, 88, 10],
			"translation": [-9, -4.25, 9.5],
			"scale": [1.03, 1, 1]
		},
		"firstperson_righthand": {
			"rotation": [0, 4.5, 0],
			"translation": [-4.25, 8.5, 6],
			"scale": [1, 0.86133, 1]
		},
		"firstperson_lefthand": {
			"translation": [-4, 9, 4.5]
		},
		"gui": {
			"rotation": [2.5, 94, 1.5],
			"translation": [0, 3.25, 0],
			"scale": [1, 1, 0.76953]
		},
		"head": {
			"translation": [0, 13, -8.5]
		},
		"fixed": {
			"rotation": [-3.75, -92.5, 0.25],
			"translation": [0, 0, -1]
		}
	},
	"groups": [
		{
			"name": "magazine",
			"origin": [8, 1.2, 7.04],
			"children": [0, 1]
		},
		{
			"name": "Gun",
			"origin": [13.2, 11, 15.8],
			"children": [2, 3, 4, 5, 6, 7, 8, 9, 10, 11, 12, 13, 14, 15, 16, 17, 18, 19, 20, 21, 22, 23, 24, 25,
				{
					"name": "hexadecagon",
					"origin": [8, 8, 8],
					"children": [26, 27, 28, 29, 30, 31, 32, 33]
				}
			]
		},
		{
			"name": "CANNON AVANT",
			"origin": [8, 8, 8],
			"children": [34, 35, 36, 37, 38, 39, 40, 41]
		}
	]
}